Workbook

Sheet Vendor kit prices
A1: Stack: Retatrutide 10 mg + Klow 80 mg + Tesamorelin 10 mg + Ipamorelin + CJC (no DAC); optional CP10 (Ipa 5 mg + CJC 5 mg per vial)
A2: Kit = USD for 10 vials. $/vial = kit ÷ 10. Research-use only; verify SKU (no DAC vs DAC), COA, and shipping. PepTalk PDF was image-only (no extract).
A4: Vendor | B4: Source | C4: Reta 10 mg kit | D4: Klow 80 mg kit | E4: Tesa 10 mg kit | F4: Ipa 10 mg kit | G4: Ipa 5 mg kit | H4: CJC no DAC 10 mg kit | I4: CJC no DAC 5 mg kit | J4: CP10 (5+5) kit
A5: ZLZ (Dec 2025 list) | B5: PDF: zlz list 12.17 — tier 1–30 boxes | C5: 109 | D5: 250 | E5: 200 | F5: 81 | G5: 41 | H5: 185 | I5: 95 | J5: 122
A6: TCI — Tianjin Cangtu | B6: PDF: Peptide Price List_TCI — <10 kits | C6: 130 | E6: 180 | F6: 75 | G6: 45 | H6: 110 | I6: 60 | J6: 100
A7: FitPeptideLap warehouse | B7: PDF: FitPeptideLap updated warehouse pricelist | C7: 120 | D7: 260 | E7: 210 | F7: 150 | G7: 80 | H7: 140 | I7: 80 | J7: 150
A8: Michelle list | B8: Screenshot (michelleking1015@gmail.com) | C8: 100 | D8: 190 | E8: 160 | F8: 75 | H8: 140 | I8: 80 | J8: 135
A9: Vicky | B9: Screenshot — 10-vial kits | C9: 88 | D9: 170 | E9: 148 | F9: 65 | G9: 45 | H9: 158 | I9: 75 | J9: 100
A10: BaoHuaDongNuo | B10: Screenshot | C10: 90 | D10: 180 | E10: 150 | F10: 70 | G10: 50 | H10: 110 | I10: 75
A11: HK peptide / Nicole | B11: Screenshot — HK USD list; CJC 10 mg N/A on sheet | C11: 109 | D11: 240 | E11: 175 | G11: 65 | I11: 75 | J11: 122
A13: MIN (best kit $) | C13: =MIN(C5:C11) | D13: =MIN(D5:D11) | E13: =MIN(E5:E11) | F13: =MIN(F5:F11) | G13: =MIN(G5:G11) | H13: =MIN(H5:H11) | I13: =MIN(I5:I11) | J13: =MIN(J5:J11)

Sheet Best vendor picks
A1: Lowest kit $ by column (from Vendor kit prices). Confirm the vendor still lists that SKU.
A3: Item | B3: Lowest kit ($) | C3: Vendor
A4: Retatrutide 10 mg | B4: =MIN('Vendor kit prices'!C5:C11) | C4: =INDEX('Vendor kit prices'!$A$5:$A$11,MATCH(MIN('Vendor kit prices'!C5:C11),'Vendor kit prices'!C5:C11,0))
A5: Klow 80 mg | B5: =MIN('Vendor kit prices'!D5:D11) | C5: =INDEX('Vendor kit prices'!$A$5:$A$11,MATCH(MIN('Vendor kit prices'!D5:D11),'Vendor kit prices'!D5:D11,0))
A6: Tesamorelin 10 mg | B6: =MIN('Vendor kit prices'!E5:E11) | C6: =INDEX('Vendor kit prices'!$A$5:$A$11,MATCH(MIN('Vendor kit prices'!E5:E11),'Vendor kit prices'!E5:E11,0))
A7: Ipamorelin 10 mg | B7: =MIN('Vendor kit prices'!F5:F11) | C7: =INDEX('Vendor kit prices'!$A$5:$A$11,MATCH(MIN('Vendor kit prices'!F5:F11),'Vendor kit prices'!F5:F11,0))
A8: Ipamorelin 5 mg | B8: =MIN('Vendor kit prices'!G5:G11) | C8: =INDEX('Vendor kit prices'!$A$5:$A$11,MATCH(MIN('Vendor kit prices'!G5:G11),'Vendor kit prices'!G5:G11,0))
A9: CJC no DAC 10 mg | B9: =MIN('Vendor kit prices'!H5:H11) | C9: =INDEX('Vendor kit prices'!$A$5:$A$11,MATCH(MIN('Vendor kit prices'!H5:H11),'Vendor kit prices'!H5:H11,0))
A10: CJC no DAC 5 mg | B10: =MIN('Vendor kit prices'!I5:I11) | C10: =INDEX('Vendor kit prices'!$A$5:$A$11,MATCH(MIN('Vendor kit prices'!I5:I11),'Vendor kit prices'!I5:I11,0))
A11: CP10 (5+5) | B11: =MIN('Vendor kit prices'!J5:J11) | C11: =INDEX('Vendor kit prices'!$A$5:$A$11,MATCH(MIN('Vendor kit prices'!J5:J11),'Vendor kit prices'!J5:J11,0))
A14: Notes
A15: • TCI Klow 80 mg: not on extracted PDF pages — left blank. • HK peptide: no 10 mg CJC price on your screenshot; 5 mg kit shown. • 6/3/3 Tesa/Ipa/CJC blend is not CP10; price single vial on Kit vs single sheet only. • Cheapest per component may be split across vendors — add shipping before deciding.

Sheet Kit vs single vial
A1: 10 × your single-vial price vs lowest 10-vial kit from the table (same nominal strength per vial).
A3: Product | B3: Single-vial ($) | C3: 10 × singles ($) | D3: MIN kit ($) | E3: $/vial from kit | F3: Savings (10 singles − kit)
A4: Retatrutide 10 mg | B4: 17.99 | C4: =IF(B4="","",B4*10) | D4: =MIN('Vendor kit prices'!C5:C11) | E4: =IF(OR(D4="",D4="—"),"",D4/10) | F4: =IF(OR(D4="",D4="—"),"",C4-D4)
A5: Klow 80 mg | B5: 40.88 | C5: =IF(B5="","",B5*10) | D5: =MIN('Vendor kit prices'!D5:D11) | E5: =IF(OR(D5="",D5="—"),"",D5/10) | F5: =IF(OR(D5="",D5="—"),"",C5-D5)
A6: Tesamorelin 10 mg | B6: 31.88 | C6: =IF(B6="","",B6*10) | D6: =MIN('Vendor kit prices'!E5:E11) | E6: =IF(OR(D6="",D6="—"),"",D6/10) | F6: =IF(OR(D6="",D6="—"),"",C6-D6)
A7: Ipamorelin 5 mg single (your price) | B7: 21.44 | C7: =IF(B7="","",B7*10) | D7: =MIN('Vendor kit prices'!G5:G11) | E7: =IF(OR(D7="",D7="—"),"",D7/10) | F7: =IF(OR(D7="",D7="—"),"",C7-D7)
A8: CJC no DAC 10 mg | B8: 29.99 | C8: =IF(B8="","",B8*10) | D8: =MIN('Vendor kit prices'!H5:H11) | E8: =IF(OR(D8="",D8="—"),"",D8/10) | F8: =IF(OR(D8="",D8="—"),"",C8-D8)
A9: CP10 (5+5) kit — no single-vial baseline | C9: =IF(B9="","",B9*10) | D9: =MIN('Vendor kit prices'!J5:J11) | E9: =IF(OR(D9="",D9="—"),"",D9/10) | F9: =IF(OR(D9="",D9="—"),"",C9-D9)
A10: Tesa/Ipa/CJC 6+3+3 blend (your single) | B10: 35.22 | C10: =IF(B10="","",B10*10) | D10: — | E10: =IF(OR(D10="",D10="—"),"",D10/10) | F10: =IF(OR(D10="",D10="—"),"",C10-D10)
A12: CP10 vs separate 5 mg kits (same total mg per vial) | D12: =MIN('Vendor kit prices'!J5:J11)-MIN('Vendor kit prices'!G5:G11)-MIN('Vendor kit prices'!I5:I11) | E12: Negative = CP10 cheaper than Ipa5 + CJC5 kits
A14: Longevity: a 10-vial kit lasts 10× as many weeks as one vial at the same mg/week. If singles cost less per vial than kit÷10, kits still save only if you will use all 10 vials.

Sheet Dosing and reorder
A1: Edit mg/week (column C) to match your protocol. Defaults are placeholders — not medical advice.
A3: Line | B3: Vial total (mg) | C3: mg per week (edit) | D3: Weeks per vial | E3: Weeks per 10-vial kit
A4: Retatrutide 10 mg | B4: 10 | C4: 2 | D4: =IF(C4=0,"",B4/C4) | E4: =IF(C4=0,"",D4*10)
A5: Klow 80 mg (blend total) | B5: 80 | C5: 5 | D5: =IF(C5=0,"",B5/C5) | E5: =IF(C5=0,"",D5*10)
A6: Tesamorelin 10 mg | B6: 10 | C6: 2 | D6: =IF(C6=0,"",B6/C6) | E6: =IF(C6=0,"",D6*10)
A7: Ipamorelin 10 mg | B7: 10 | C7: 2 | D7: =IF(C7=0,"",B7/C7) | E7: =IF(C7=0,"",D7*10)
A8: CJC no DAC 10 mg | B8: 10 | C8: 2 | D8: =IF(C8=0,"",B8/C8) | E8: =IF(C8=0,"",D8*10)
A11: Reorder: set a reminder when remaining weeks ≤ your shipping lead time (e.g. 2 weeks).

Sheet Monthly stack cost
A1: $/month ≈ ($/vial ÷ weeks per vial) × 4.345. Uses MIN kit $ and Dosing sheet weeks. Split vendors = sum still valid for budget.
A3: Component | B3: MIN kit ($) | C3: $/vial | D3: Weeks/vial (Dosing) | E3: $/month
A4: Retatrutide 10 mg | B4: =MIN('Vendor kit prices'!C5:C11) | C4: =B4/10 | D4: =Dosing and reorder!D4 | E4: =IF(D4=0,"",(C4/D4)*4.345)
A5: Klow 80 mg | B5: =MIN('Vendor kit prices'!D5:D11) | C5: =B5/10 | D5: =Dosing and reorder!D5 | E5: =IF(D5=0,"",(C5/D5)*4.345)
A6: Tesamorelin 10 mg | B6: =MIN('Vendor kit prices'!E5:E11) | C6: =B6/10 | D6: =Dosing and reorder!D6 | E6: =IF(D6=0,"",(C6/D6)*4.345)
A7: Ipamorelin 10 mg | B7: =MIN('Vendor kit prices'!F5:F11) | C7: =B7/10 | D7: =Dosing and reorder!D7 | E7: =IF(D7=0,"",(C7/D7)*4.345)
A8: CJC no DAC 10 mg | B8: =MIN('Vendor kit prices'!H5:H11) | C8: =B8/10 | D8: =Dosing and reorder!D8 | E8: =IF(D8=0,"",(C8/D8)*4.345)
A9: Approx. stack total / month | E9: =SUM(E4:E8)
